date,open,high,low,close,volume,Name
08-02-2013,44.55,44.63,44.25,44.57,2312792,AEP
11-02-2013,44.57,44.74,44.48,44.73,1372326,AEP
12-02-2013,44.73,44.94,44.6,44.9,1695150,AEP
13-02-2013,44.87,45.04,44.76,44.93,1324472,AEP
14-02-2013,44.76,44.81,44.41,44.77,3665271,AEP
15-02-2013,44.84,45.1999,44.76,45.13,4385262,AEP
19-02-2013,45.2,45.68,45.14,45.56,3398395,AEP
20-02-2013,45.63,45.89,45.505,45.57,3319773,AEP
21-02-2013,45.43,45.559,45.23,45.36,2481173,AEP
22-02-2013,45.56,46.18,45.5,46.18,2171638,AEP
25-02-2013,46.25,46.464,45.68,45.68,3086682,AEP
26-02-2013,46.13,46.43,45.76,46.33,3965719,AEP
27-02-2013,46.36,46.71,46.17,46.66,2200132,AEP
28-02-2013,46.62,47.03,46.455,46.79,2456456,AEP
01-03-2013,46.62,46.79,46.36,46.71,2980701,AEP
04-03-2013,46.62,47.52,46.55,47.46,3842239,AEP
05-03-2013,47.54,47.87,47.44,47.66,2806241,AEP
06-03-2013,47.68,47.81,47.43,47.66,1985964,AEP
07-03-2013,47.64,47.88,47.39,47.39,1690858,AEP
08-03-2013,47.59,47.59,47.14,47.49,2299493,AEP
11-03-2013,47.38,47.58,47.28,47.38,2171036,AEP
12-03-2013,47.39,47.52,47.09,47.29,2003072,AEP
13-03-2013,47.3,47.5,47.2025,47.44,1359597,AEP
14-03-2013,47.52,47.69,47.2999,47.68,2229242,AEP
15-03-2013,47.44,48.15,47.37,47.9,3268959,AEP
18-03-2013,47.72,47.91,47.63,47.69,2019700,AEP
19-03-2013,47.77,47.99,47.5,47.7,1847099,AEP
20-03-2013,47.85,48.19,47.78,48.06,2084652,AEP
21-03-2013,47.9,48.03,47.6,47.63,1926199,AEP
22-03-2013,47.69,48.085,47.651,47.86,1548771,AEP
25-03-2013,48,48.23,47.49,47.66,2029778,AEP
26-03-2013,47.77,48.14,47.64,48.03,1380241,AEP
27-03-2013,47.74,48.19,47.615,48.15,1819541,AEP
28-03-2013,48.17,48.68,48.0948,48.63,2807863,AEP
01-04-2013,48.55,48.6,48.39,48.5,1561052,AEP
02-04-2013,48.62,48.885,48.18,48.34,3029863,AEP
03-04-2013,48.42,48.48,47.94,48.1,2125113,AEP
04-04-2013,48.15,48.72,48.15,48.66,2086687,AEP
05-04-2013,48.3,48.83,48.04,48.71,2239763,AEP
08-04-2013,48.65,49.24,48.545,49.23,1892056,AEP
09-04-2013,49.33,49.33,48.97,49,1680257,AEP
10-04-2013,49.07,49.76,49.07,49.64,2556140,AEP
11-04-2013,49.7,50,49.47,49.93,2405710,AEP
12-04-2013,49.84,50.04,49.72,49.98,1685439,AEP
15-04-2013,49.82,49.96,49.07,49.07,2259252,AEP
16-04-2013,49.18,49.57,48.9,49.54,2412840,AEP
17-04-2013,49.42,49.6,48.91,49.37,2681140,AEP
18-04-2013,49.47,49.56,49.16,49.48,2263115,AEP
19-04-2013,49.61,50.104,49.485,49.94,3047264,AEP
22-04-2013,49.95,50.59,49.81,50.37,2396628,AEP
23-04-2013,50.33,50.64,50.13,50.64,2659948,AEP
24-04-2013,50.76,51.14,50.43,50.9,2751439,AEP
25-04-2013,51,51.17,50.65,50.76,7200368,AEP
26-04-2013,50.19,50.88,50.18,50.54,7131799,AEP
29-04-2013,50.73,51.38,50.565,51.31,7913455,AEP
30-04-2013,51.27,51.5,51.12,51.43,2640084,AEP
01-05-2013,51.48,51.595,51.115,51.23,2669981,AEP
02-05-2013,51.23,51.355,50.94,51.17,2164566,AEP
03-05-2013,51.39,51.5,51.02,51.08,2821924,AEP
06-05-2013,50.99,51.1,50.44,50.46,2611696,AEP
07-05-2013,50.55,51.08,50.48,51.07,2567903,AEP
08-05-2013,50.42,50.55,49.9,50.12,3171673,AEP
09-05-2013,50.1,50.25,48.73,48.83,3444769,AEP
10-05-2013,48.78,48.93,48.41,48.82,2691216,AEP
13-05-2013,48.67,48.77,48.44,48.67,2768944,AEP
14-05-2013,48.74,48.96,48.55,48.87,2485259,AEP
15-05-2013,48.86,49.75,48.79,49.41,2862659,AEP
16-05-2013,49.32,49.45,48.99,49.05,2228155,AEP
17-05-2013,49.15,49.645,49.08,49.64,2243164,AEP
20-05-2013,49.59,49.79,49.41,49.47,1751441,AEP
21-05-2013,49.47,49.67,49.1,49.36,2032294,AEP
22-05-2013,49.3,49.88,48.49,48.59,2939658,AEP
23-05-2013,48.18,48.54,47.87,48.28,2908944,AEP
24-05-2013,47.96,48.23,47.62,47.71,2110556,AEP
28-05-2013,47.14,47.23,46.31,46.56,7232588,AEP
29-05-2013,46.16,46.3,45.571,46.19,4280172,AEP
30-05-2013,46.38,47.53,46.05,46.09,3593219,AEP
31-05-2013,45.97,46.709,45.77,45.82,2810434,AEP
03-06-2013,45.8,46.305,45.02,46.14,4676226,AEP
04-06-2013,46.02,46.27,45.78,46.05,3282753,AEP
05-06-2013,45.87,45.93,45.5,45.61,2828725,AEP
06-06-2013,45.64,45.84,45.22,45.67,4674275,AEP
07-06-2013,45.75,46.35,45.625,46.15,4548690,AEP
10-06-2013,46.36,46.49,45.78,45.91,4701978,AEP
11-06-2013,45.56,45.84,45.31,45.36,3272423,AEP
12-06-2013,45.73,46.07,45.1,45.2,3535195,AEP
13-06-2013,45.23,45.95,44.855,45.92,3011302,AEP
14-06-2013,45.8,46.18,45.46,45.51,3945945,AEP
17-06-2013,45.75,46,45.41,45.57,3556035,AEP
18-06-2013,45.61,46.11,45.49,45.9,2853356,AEP
19-06-2013,45.81,45.93,44.78,44.79,4245507,AEP
20-06-2013,44.55,44.55,43.1,43.19,5733645,AEP
21-06-2013,43.5,44.04,42.83,43.78,5150106,AEP
24-06-2013,43.46,43.96,42.95,43.57,2795506,AEP
25-06-2013,43.83,44.285,43.41,43.91,3179666,AEP
26-06-2013,44.19,44.71,44.16,44.6,2735235,AEP
27-06-2013,44.71,45.24,44.39,44.48,2815764,AEP
28-06-2013,44.53,45.05,44.34,44.78,3285018,AEP
01-07-2013,44.98,45.11,44.22,44.47,3251692,AEP
02-07-2013,44.35,44.78,44.27,44.48,4815491,AEP
03-07-2013,44.3,44.63,44.17,44.46,1147669,AEP
05-07-2013,44.52,44.614,43.75,44.28,1872904,AEP
08-07-2013,44.3,44.93,44.17,44.57,4108583,AEP
09-07-2013,44.75,44.88,44.5,44.57,4153545,AEP
10-07-2013,44.61,45.485,44.52,45.42,3458964,AEP
11-07-2013,45.82,46.29,45.59,46.24,3857209,AEP
12-07-2013,46.27,46.62,45.97,46.55,3189361,AEP
15-07-2013,46.45,47.58,46.37,47.5,3097327,AEP
16-07-2013,47.58,47.58,46.92,47.23,2637532,AEP
17-07-2013,47.56,47.59,46.78,47.09,2041041,AEP
18-07-2013,47.16,47.445,47.05,47.22,2457101,AEP
19-07-2013,47.23,47.43,47.06,47.14,2696652,AEP
22-07-2013,47.06,47.27,47.05,47.09,1336050,AEP
23-07-2013,47.11,47.39,47.005,47.1,1704064,AEP
24-07-2013,47.02,47.11,46.19,46.38,2502919,AEP
25-07-2013,46.08,46.44,45.76,45.81,12944176,AEP
26-07-2013,45.74,46.47,45.58,46.47,11332352,AEP
29-07-2013,46.18,47.02,46.18,46.7,10545727,AEP
30-07-2013,46.88,47.14,46.53,46.55,2368006,AEP
31-07-2013,46.55,46.65,46,46.35,3230454,AEP
01-08-2013,46.48,46.65,45.94,46.55,2983514,AEP
02-08-2013,46.44,46.6,46.27,46.58,1887080,AEP
05-08-2013,46.5,46.526,46.22,46.39,1623571,AEP
06-08-2013,46.38,46.38,45.65,45.79,3404626,AEP
07-08-2013,45.18,45.65,45.11,45.47,3127479,AEP
08-08-2013,45.52,45.65,45.26,45.52,2114427,AEP
09-08-2013,45.44,45.63,44.97,45,2556146,AEP
12-08-2013,44.87,44.8881,44.46,44.69,2688370,AEP
13-08-2013,44.71,44.74,44.25,44.31,2176528,AEP
14-08-2013,44.2,44.39,43.825,44.37,2791459,AEP
15-08-2013,44.15,44.3,43.7,43.78,2388560,AEP
16-08-2013,43.63,43.69,42.94,43.31,3008068,AEP
19-08-2013,43.23,43.47,42.65,42.68,2623655,AEP
20-08-2013,42.66,43.4575,42.65,42.82,4814803,AEP
21-08-2013,42.77,42.83,42.28,42.37,3476569,AEP
22-08-2013,42.4,42.77,42.325,42.69,3055826,AEP
23-08-2013,42.81,43.355,42.71,43.16,4324254,AEP
26-08-2013,43.2,43.215,42.59,42.65,2297938,AEP
27-08-2013,42.28,43,42.26,42.77,3319644,AEP
28-08-2013,42.84,43.18,42.53,43.01,2068375,AEP
29-08-2013,42.86,43.02,42.55,42.69,1719160,AEP
30-08-2013,42.71,43.03,42.6,42.8,1940607,AEP
03-09-2013,43.03,43.13,42.07,42.16,2556847,AEP
04-09-2013,42.16,42.34,41.83,42.21,2316383,AEP
05-09-2013,42.19,42.45,42.07,42.14,2250313,AEP
06-09-2013,42.38,43,42.36,42.56,3384142,AEP
09-09-2013,42.64,42.77,42.41,42.67,2010804,AEP
10-09-2013,42.8,42.99,42.56,42.89,2129194,AEP
11-09-2013,42.81,42.87,42.16,42.21,4358833,AEP
12-09-2013,42.33,42.55,41.86,41.92,3227753,AEP
13-09-2013,42.1,42.9,42.05,42.62,4836639,AEP
16-09-2013,43.22,43.45,42.72,42.82,3007102,AEP
17-09-2013,42.86,43.23,42.78,43.2,2611883,AEP
18-09-2013,43.05,45.11,42.92,44.81,6238023,AEP
19-09-2013,44.92,45.12,44.3228,44.67,4187049,AEP
20-09-2013,44.56,44.63,43.66,43.73,3950203,AEP
23-09-2013,43.82,44.72,43.7,44.33,3713607,AEP
24-09-2013,44.33,44.37,44.07,44.21,2433912,AEP
25-09-2013,44.3,44.36,43.77,43.79,2153234,AEP
26-09-2013,43.74,43.986,43.45,43.64,1724295,AEP
27-09-2013,43.35,43.75,43.22,43.44,1803698,AEP
30-09-2013,43.23,43.6,43.15,43.35,2429324,AEP
01-10-2013,43.52,43.81,43.33,43.72,2163654,AEP
02-10-2013,43.62,43.88,43.44,43.88,2358979,AEP
03-10-2013,43.6,43.65,43.185,43.33,3108262,AEP
04-10-2013,43.39,43.61,43.2,43.34,1707820,AEP
07-10-2013,43.08,43.57,43.02,43.14,1767931,AEP
08-10-2013,43.03,43.93,43.01,43.49,2699602,AEP
09-10-2013,43.53,44.415,43.46,43.68,3545876,AEP
10-10-2013,43.76,44.2,43.26,44.14,2682253,AEP
11-10-2013,44.07,44.36,43.96,44.27,1891461,AEP
14-10-2013,44.17,44.21,43.37,44.07,2827392,AEP
15-10-2013,43.86,44.005,43.42,43.48,2292295,AEP
16-10-2013,43.55,43.77,43.29,43.77,2531174,AEP
17-10-2013,43.73,44.75,43.5356,44.63,3592336,AEP
18-10-2013,44.62,44.93,44.44,44.82,2688619,AEP
21-10-2013,44.84,44.88,44.38,44.64,2406815,AEP
22-10-2013,44.71,45.51,44.5,45.24,3655269,AEP
23-10-2013,46,47.01,45.42,46.52,6079140,AEP
24-10-2013,46.52,46.8,46.16,46.72,8961896,AEP
25-10-2013,46.68,47.3,46.44,47.28,9816752,AEP
28-10-2013,47.23,47.56,47.1299,47.3,12238540,AEP
29-10-2013,47.38,47.59,47.15,47.27,3176516,AEP
30-10-2013,47.42,47.58,47.04,47.1,3837336,AEP
31-10-2013,47.16,47.265,46.34,46.84,3948648,AEP
01-11-2013,47,47.28,46.87,47.04,2989236,AEP
04-11-2013,47.21,47.27,46.68,47.19,3914860,AEP
05-11-2013,47.19,47.37,46.57,46.57,5176477,AEP
06-11-2013,46.25,46.79,46.05,46.74,3400873,AEP
07-11-2013,46.75,46.88,46.17,46.25,3239669,AEP
08-11-2013,46.09,46.28,45.345,46.25,3783588,AEP
11-11-2013,46.82,47.78,46.55,47.1,5700899,AEP
12-11-2013,47.76,47.85,47.3,47.37,7700471,AEP
13-11-2013,47.17,47.33,46.55,47.32,4503684,AEP
14-11-2013,47.41,47.74,47.27,47.59,3672672,AEP
15-11-2013,47.46,47.85,47.31,47.84,3113490,AEP
18-11-2013,48.24,48.3984,48,48.32,4476672,AEP
19-11-2013,48.2,48.39,47.84,48.01,3682681,AEP
20-11-2013,48.09,48.26,47.46,47.51,3390718,AEP
21-11-2013,47.61,47.87,47.36,47.63,2524186,AEP
22-11-2013,47.54,47.79,47.32,47.7,2622652,AEP
25-11-2013,47.695,47.86,47.42,47.55,2935845,AEP
26-11-2013,47.62,47.78,47.34,47.44,3647503,AEP
27-11-2013,47.42,47.53,47.01,47.07,3276570,AEP
29-11-2013,47.08,47.51,47.05,47.06,1519179,AEP
02-12-2013,47.21,47.21,46.3501,46.63,3557566,AEP
03-12-2013,46.44,46.975,46.36,46.87,3170853,AEP
04-12-2013,46.73,47.14,46.45,46.86,3559459,AEP
05-12-2013,46.72,46.82,46.4,46.48,4218720,AEP
06-12-2013,46.54,47.2,46.51,47.1,3607605,AEP
09-12-2013,46.93,46.99,46.39,46.72,4209463,AEP
10-12-2013,46.84,46.95,46.06,46.16,3488401,AEP
11-12-2013,46.25,46.25,45.72,45.78,2954227,AEP
12-12-2013,45.83,46.26,45.75,45.89,2805951,AEP
13-12-2013,45.89,46.09,45.57,45.8,2180027,AEP
16-12-2013,46.05,46.48,45.73,45.97,3333158,AEP
17-12-2013,46,46.02,45.66,45.82,2337127,AEP
18-12-2013,45.92,46.53,45.24,46.51,3410653,AEP
19-12-2013,46.2,46.59,45.56,46.38,4383511,AEP
20-12-2013,46.45,47.09,46.42,46.72,4407131,AEP
23-12-2013,46.95,47,46.36,46.41,2470966,AEP
24-12-2013,46.35,46.69,46.18,46.59,602415,AEP
26-12-2013,46.69,46.77,46.34,46.42,1527076,AEP
27-12-2013,46.36,46.53,46.15,46.5,1657211,AEP
30-12-2013,46.58,46.69,46.42,46.64,1920853,AEP
31-12-2013,46.77,46.85,46.49,46.74,1454747,AEP
02-01-2014,46.98,47.06,46.04,46.13,2752002,AEP
03-01-2014,46.25,46.418,45.8,46.11,2419159,AEP
06-01-2014,46.14,46.36,45.92,46.08,2223614,AEP
07-01-2014,46.12,46.49,46.06,46.38,1789552,AEP
08-01-2014,46.33,46.415,45.94,46.1,2552095,AEP
09-01-2014,46.2,46.31,46,46.28,1924844,AEP
10-01-2014,46.59,47.59,46.58,47.2,2991511,AEP
13-01-2014,47.04,47.1707,46.46,46.67,2752750,AEP
14-01-2014,46.7,46.82,46.38,46.51,2191954,AEP
15-01-2014,46.51,46.58,46.27,46.45,1742889,AEP
16-01-2014,46.45,46.67,46.34,46.58,1593744,AEP
17-01-2014,46.68,46.79,46.434,46.77,2179981,AEP
21-01-2014,46.93,47.355,46.93,47.34,1847802,AEP
22-01-2014,47.35,47.59,47.23,47.52,2142430,AEP
23-01-2014,47.45,47.65,47.15,47.63,3335234,AEP
24-01-2014,47.46,47.69,46.77,46.77,3748234,AEP
27-01-2014,46.81,47.39,46.61,47.18,3434554,AEP
28-01-2014,47.25,47.52,47.06,47.51,2319288,AEP
29-01-2014,47.33,47.97,47.27,47.59,3302976,AEP
30-01-2014,47.68,48.42,47.67,48.24,2793389,AEP
31-01-2014,47.95,48.98,47.82,48.81,4224409,AEP
03-02-2014,48.93,49.39,48.21,48.31,5001647,AEP
04-02-2014,48.57,48.608,48.045,48.5,4266367,AEP
05-02-2014,48.34,48.37,47.79,47.95,3381563,AEP
06-02-2014,47.43,47.62,47.23,47.6,3647950,AEP
07-02-2014,47.75,48.06,47.61,48.03,2547613,AEP
10-02-2014,47.93,48.28,47.53,48.25,3114446,AEP
11-02-2014,48.19,48.79,48.15,48.64,2198874,AEP
12-02-2014,48.54,48.98,48.4075,48.98,2707165,AEP
13-02-2014,48.81,49.74,48.75,49.7,2801691,AEP
14-02-2014,49.56,50.12,49.41,50.11,2442003,AEP
18-02-2014,50.16,50.5,50.09,50.39,3077681,AEP
19-02-2014,50.25,50.76,50.08,50.15,2344902,AEP
20-02-2014,50.08,50.76,49.8,50.34,3151691,AEP
21-02-2014,50.37,50.89,50.36,50.56,2979798,AEP
24-02-2014,50.6,50.866,50.05,50.07,2823039,AEP
25-02-2014,50.18,50.57,49.93,50.06,2398738,AEP
26-02-2014,50.29,50.555,50.02,50.27,2034192,AEP
27-02-2014,50.22,50.38,49.605,49.8,2966862,AEP
28-02-2014,49.91,50.4301,49.89,50.2,2666645,AEP
03-03-2014,49.97,50.2,49.64,49.72,2023599,AEP
04-03-2014,50.1,50.33,49.88,50.05,2507541,AEP
05-03-2014,50.11,50.3,49.62,49.68,2044819,AEP
06-03-2014,49.77,49.89,49.19,49.25,2104150,AEP
07-03-2014,49.08,49.38,48.63,49.33,2484030,AEP
10-03-2014,49.32,49.575,48.97,49.21,2497842,AEP
11-03-2014,49.31,49.36,48.56,48.7,3522465,AEP
12-03-2014,48.63,49.51,48.57,49.5,2037498,AEP
13-03-2014,49.55,50.1,49.41,49.91,2394997,AEP
14-03-2014,49.9,50.38,49.7625,50.11,1993219,AEP
17-03-2014,50.21,50.4,49.83,50.29,2324024,AEP
18-03-2014,50.41,50.49,50.06,50.16,2129640,AEP
19-03-2014,50.17,50.261,48.875,48.94,4187027,AEP
20-03-2014,48.83,48.945,48.31,48.75,3756512,AEP
21-03-2014,48.95,49.605,48.69,48.89,5434862,AEP
24-03-2014,48.86,49.29,48.73,48.76,4289450,AEP
25-03-2014,48.85,49.47,48.53,49.37,4703029,AEP
26-03-2014,49.43,49.645,49.19,49.32,2936256,AEP
27-03-2014,49.28,49.95,48.99,49.8,4256630,AEP
28-03-2014,49.82,50.17,49.65,50,2668140,AEP
31-03-2014,50.18,50.9534,50,50.66,3276657,AEP
01-04-2014,50.77,50.81,50.1728,50.4,3006160,AEP
02-04-2014,50.37,50.56,49.99,50.41,2759505,AEP
03-04-2014,50.5,50.745,50.31,50.57,1963636,AEP
04-04-2014,50.78,51.4,50.61,50.78,2778219,AEP
07-04-2014,50.9,51.31,50.68,50.69,2785981,AEP
08-04-2014,50.78,51.5,50.35,51.41,2909048,AEP
09-04-2014,51.43,51.618,50.95,51.54,3132243,AEP
10-04-2014,51.6,51.9,50.96,50.99,3937176,AEP
11-04-2014,51.11,51.47,50.86,50.9,3052419,AEP
14-04-2014,51.26,51.43,50.8,51.28,2863399,AEP
15-04-2014,51.32,52.35,51.25,52.32,3915870,AEP
16-04-2014,52.27,52.5,52.02,52.5,2526020,AEP
17-04-2014,52.35,52.6,51.625,51.73,2165298,AEP
21-04-2014,51.58,52.16,51.4299,51.65,2344180,AEP
22-04-2014,51.65,51.82,51.22,51.67,2783192,AEP
23-04-2014,51.75,52.36,51.7,51.9,3055287,AEP
24-04-2014,52.06,52.76,51.64,52.33,4579184,AEP
25-04-2014,53.09,53.58,52.64,53.38,4546996,AEP
28-04-2014,53.6,54.52,53.6,54.44,4753248,AEP
29-04-2014,54.45,54.64,53.81,53.88,4460619,AEP
30-04-2014,53.99,54.43,53.755,53.81,3726905,AEP
01-05-2014,53.99,54.061,53.173,53.87,3304632,AEP
02-05-2014,53.64,53.64,52.42,52.83,3822881,AEP
05-05-2014,52.8,53.39,52.7,53.36,2988112,AEP
06-05-2014,53.23,53.35,52.84,52.85,2973599,AEP
07-05-2014,52.47,53.52,52.36,53.5,3366799,AEP
08-05-2014,53.49,53.57,52.87,53.06,3110450,AEP
09-05-2014,53.07,53.26,52.275,52.32,3482427,AEP
12-05-2014,52.49,52.51,51.6,51.76,3597737,AEP
13-05-2014,51.98,52.27,51.81,52.23,2939902,AEP
14-05-2014,52.23,52.88,52.18,52.36,2721298,AEP
15-05-2014,52.37,52.57,51.95,52.02,2302359,AEP
16-05-2014,52.13,52.72,51.86,52.7,3116084,AEP
19-05-2014,52.59,52.61,51.01,51.02,4099283,AEP
20-05-2014,51.1,51.53,50.82,50.96,3391432,AEP
21-05-2014,51.06,51.24,50.8802,51.11,1665019,AEP
22-05-2014,51.17,51.72,51.11,51.49,1813392,AEP
23-05-2014,51.44,51.71,51.32,51.41,1597689,AEP
27-05-2014,52.13,52.92,52.04,52.7,5163477,AEP
28-05-2014,52.66,52.9885,52.35,52.94,3655161,AEP
29-05-2014,53.06,53.11,52.4,52.79,3225875,AEP
30-05-2014,52.77,53.4,52.76,53.35,2757068,AEP
02-06-2014,53.2,53.6,53.0405,53.48,2340164,AEP
03-06-2014,53.54,54.2,53.36,53.94,4483121,AEP
04-06-2014,53.74,54.04,53.66,53.99,2753580,AEP
05-06-2014,53.54,54.42,53.54,54.17,2778496,AEP
06-06-2014,54.5,54.529,54.03,54.07,1602383,AEP
09-06-2014,53.92,53.99,53.3663,53.49,2240435,AEP
10-06-2014,53.48,53.79,53.27,53.46,2508473,AEP
11-06-2014,53.4,53.48,52.5,52.53,2741488,AEP
12-06-2014,52.46,52.76,51.595,52.59,2368919,AEP
13-06-2014,52.52,52.94,52.17,52.78,1610149,AEP
16-06-2014,52.74,53.705,52.72,53.09,2415335,AEP
17-06-2014,52.82,52.9899,52.2901,52.81,1821258,AEP
18-06-2014,52.92,54.14,52.845,54.12,3582763,AEP
19-06-2014,54.26,54.99,54.15,54.9,3078435,AEP
20-06-2014,54.9,54.95,54.44,54.48,2506600,AEP
23-06-2014,54.53,54.57,54.065,54.45,1793971,AEP
24-06-2014,54.25,54.82,54.25,54.65,1959889,AEP
25-06-2014,54.54,55.24,54.45,55.12,2183696,AEP
26-06-2014,55.13,55.13,54.825,55,2534765,AEP
27-06-2014,54.98,55.41,54.75,55.33,2644424,AEP
30-06-2014,55.43,55.94,55.16,55.77,2343199,AEP
01-07-2014,55.83,55.91,55.19,55.21,1806981,AEP
02-07-2014,55.11,55.19,53.74,54.17,2731363,AEP
03-07-2014,53.81,53.84,53.19,53.76,2020634,AEP
07-07-2014,53.54,54.11,53.54,53.77,2562929,AEP
08-07-2014,53.84,54.59,53.84,54.55,3120943,AEP
09-07-2014,54.79,54.94,54.3,54.71,2651856,AEP
10-07-2014,54.5,54.89,54.5,54.8,2153227,AEP
11-07-2014,54.75,54.95,54.13,54.31,1986777,AEP
14-07-2014,54.39,54.56,53.53,53.6,3134203,AEP
15-07-2014,53.58,54.19,53.58,53.93,2701238,AEP
16-07-2014,54.04,54.27,53.745,54.21,2044741,AEP
17-07-2014,54.16,54.26,53.48,53.48,2043029,AEP
18-07-2014,53.73,54.45,53.54,54.39,1936234,AEP
21-07-2014,54.32,54.36,53.61,54.04,2035871,AEP
22-07-2014,54.24,54.32,53.9432,54.05,1213844,AEP
23-07-2014,54.06,54.23,53.9,53.97,1785357,AEP
24-07-2014,53.96,54.05,53.73,54.01,2193420,AEP
25-07-2014,54.25,54.7201,52.92,53.22,3061618,AEP
28-07-2014,53.14,54.66,53.03,54.65,2907880,AEP
29-07-2014,54.8,54.89,54.0702,54.09,2073559,AEP
30-07-2014,54.11,54.2299,52.57,53,2890028,AEP
31-07-2014,52.76,52.93,51.955,51.99,2509796,AEP
01-08-2014,52,52.81,51.96,52.31,2605543,AEP
04-08-2014,52.2,52.2,50.48,51.4,5779131,AEP
05-08-2014,51.28,51.56,50.7,50.84,2880805,AEP
06-08-2014,50.3,50.33,49.06,49.28,5967337,AEP
07-08-2014,49.49,50.15,49.49,49.84,2914023,AEP
08-08-2014,49.85,50.56,49.85,50.52,2811738,AEP
11-08-2014,50.52,50.84,50.27,50.34,1942799,AEP
12-08-2014,50.11,50.68,50.11,50.41,2444764,AEP
13-08-2014,50.53,50.94,50.42,50.77,2732250,AEP
14-08-2014,50.78,51.26,50.78,51.14,2182155,AEP
15-08-2014,51.16,51.62,51.14,51.42,2452903,AEP
18-08-2014,51.44,51.845,51.37,51.47,2580676,AEP
19-08-2014,53.09,53.525,53,53.36,1714636,AEP
20-08-2014,52.13,52.44,51.92,52.38,2067806,AEP
21-08-2014,52.46,52.97,52.42,52.8,2431979,AEP
22-08-2014,52.7,52.87,52.06,52.54,2322781,AEP
25-08-2014,52.85,53.02,52.575,52.95,1214517,AEP
26-08-2014,53.02,53.29,52.21,52.26,1549340,AEP
27-08-2014,52.3,53.18,52.3,53.15,2321355,AEP
28-08-2014,52.95,53.4,52.9,53.32,1744426,AEP
29-08-2014,53.39,53.71,53.23,53.7,1525778,AEP
02-09-2014,53.66,53.73,52.75,52.88,2369623,AEP
03-09-2014,53.09,53.525,53,53.36,1714636,AEP
04-09-2014,53.3,53.41,52.75,53,2261386,AEP
05-09-2014,53.24,53.87,53.04,53.86,2236226,AEP
08-09-2014,53.83,53.86,53.33,53.53,1892014,AEP
09-09-2014,53.25,53.4,52.78,52.99,2497520,AEP
10-09-2014,53.02,53.17,52.68,52.99,2187029,AEP
11-09-2014,53.02,53.6319,52.96,53.54,2041087,AEP
12-09-2014,53.32,53.38,52.295,52.48,2058694,AEP
15-09-2014,52.52,52.93,52.4175,52.69,1758422,AEP
16-09-2014,52.73,53.785,52.6401,53.63,2175888,AEP
17-09-2014,53.82,53.88,53.045,53.32,2060256,AEP
18-09-2014,53.32,53.45,52.525,52.74,1704842,AEP
19-09-2014,52.86,53.355,52.71,53.28,2386311,AEP
22-09-2014,53.13,53.27,52.75,52.97,1213396,AEP
23-09-2014,52.67,52.72,52.22,52.47,2151000,AEP
24-09-2014,52.67,52.72,52.22,52.47,2151000,AEP
25-09-2014,52.49,52.66,52.0763,52.09,1900133,AEP
26-09-2014,52.1,52.5,51.58,52.25,1386638,AEP
29-09-2014,52.04,52.32,51.72,52.18,2202145,AEP
30-09-2014,52.3,52.76,51.96,52.21,2064908,AEP
01-10-2014,52.34,52.93,52.22,52.38,2214088,AEP
02-10-2014,52.37,52.78,52.18,52.28,2363099,AEP
03-10-2014,52.38,53.01,51.966,52.87,2055451,AEP
06-10-2014,53.05,53.26,52.605,52.8,1448687,AEP
07-10-2014,52.69,53.51,52.61,52.96,2845712,AEP
08-10-2014,52.89,54.14,52.885,54.12,2316653,AEP
09-10-2014,54.12,54.429,53.472,53.56,3677410,AEP
10-10-2014,53.88,54.5,53.732,53.89,2693668,AEP
13-10-2014,53.85,54.935,53.75,54.23,2762862,AEP
14-10-2014,54.55,55.615,54.19,54.72,3731889,AEP
15-10-2014,54.34,54.9299,52.91,54.37,4726049,AEP
16-10-2014,53.57,54.06,52.86,53.94,3612461,AEP
17-10-2014,54.67,54.79,53.49,54.61,3839478,AEP
20-10-2014,54.59,55.45,54.5,55.36,2164316,AEP
21-10-2014,55.41,55.69,55.01,55.56,2766548,AEP
22-10-2014,55.56,56.545,55.5045,55.92,3717586,AEP
23-10-2014,56.04,56.3,55.06,55.28,4535385,AEP
24-10-2014,55.53,56.67,55.45,56.47,2816628,AEP
27-10-2014,56.61,57.39,56.55,56.76,3010249,AEP
28-10-2014,56.9,56.96,56.24,56.59,3322364,AEP
29-10-2014,58.58,59.835,58.42,59.74,4670033,AEP
30-10-2014,57.01,58.3,56.87,58.27,3226747,AEP
31-10-2014,58.59,58.6095,58,58.34,3034259,AEP
03-11-2014,58.41,58.8,58.22,58.65,2021522,AEP
04-11-2014,58.67,58.95,58.03,58.13,2155863,AEP
05-11-2014,58.58,59.835,58.42,59.74,4670033,AEP
06-11-2014,58.55,58.76,57.07,57.87,4770605,AEP
07-11-2014,57.91,58.35,57.67,58.32,1754413,AEP
10-11-2014,58.01,58.56,57.97,58.38,2370961,AEP
11-11-2014,58.3,58.44,57.63,57.94,2290399,AEP
12-11-2014,57.45,57.65,56.55,56.87,3305390,AEP
13-11-2014,56.87,57.25,56.17,56.31,2860601,AEP
14-11-2014,56.18,56.38,55.94,56.06,2116000,AEP
17-11-2014,56.05,57.26,55.9,57.19,2906990,AEP
18-11-2014,57.32,57.595,56.95,57.25,2367401,AEP
19-11-2014,57.2,57.36,56.84,57.24,2302049,AEP
20-11-2014,57.09,57.55,56.77,57.23,2195787,AEP
21-11-2014,57.66,57.79,56.78,57.42,2329333,AEP
24-11-2014,57.42,57.5,56.77,56.8,2094850,AEP
25-11-2014,56.95,57,56.32,56.58,2786313,AEP
26-11-2014,56.74,57,56.51,56.66,2048987,AEP
28-11-2014,56.82,57.75,56.82,57.55,1315958,AEP
01-12-2014,57.31,58.35,56.97,58.01,2555810,AEP
02-12-2014,57.99,58.55,57.55,58.36,2237689,AEP
03-12-2014,58.44,58.62,58.06,58.51,2733491,AEP
04-12-2014,58.52,58.78,58.06,58.44,2159840,AEP
05-12-2014,57.75,58.3,57.465,57.76,1965322,AEP
08-12-2014,57.94,58.8,57.79,58.76,3002341,AEP
09-12-2014,58.29,59.35,58.29,58.87,3152021,AEP
10-12-2014,59.01,59.58,58.21,58.23,2368909,AEP
11-12-2014,58.49,59.27,58.46,58.86,2156191,AEP
12-12-2014,58.55,59.35,58.45,58.69,3217208,AEP
15-12-2014,58.64,58.92,57.51,58.08,2952413,AEP
16-12-2014,58.08,58.77,57.2,57.83,2130698,AEP
17-12-2014,57.93,58.982,57.93,58.82,2412107,AEP
18-12-2014,59.03,59.99,58.82,59.98,2622714,AEP
19-12-2014,60.01,60.48,59.51,59.89,3966739,AEP
22-12-2014,59.87,60.15,59.51,60.15,1716853,AEP
23-12-2014,60.26,60.48,60.06,60.11,1693254,AEP
24-12-2014,60.25,61.45,60.22,61.31,1798026,AEP
26-12-2014,61.46,62.39,61.37,61.99,2818980,AEP
29-12-2014,62,63.22,62,62.91,2573658,AEP
30-12-2014,62.8,62.8,61.561,61.72,2001617,AEP
31-12-2014,61.82,62.025,60.681,60.72,1949730,AEP
02-01-2015,60.88,61.24,60.39,61.15,2011402,AEP
05-01-2015,61.1,61.28,59.97,60.25,2643394,AEP
06-01-2015,60.42,61.84,60.37,60.58,4170274,AEP
07-01-2015,60.71,61.88,60.36,61.44,2798762,AEP
08-01-2015,61.63,62.19,61.63,61.97,2473982,AEP
09-01-2015,62.03,62.166,61.15,61.64,2413969,AEP
12-01-2015,61.88,61.96,61.1,61.56,2411703,AEP
13-01-2015,62.04,62.88,61.52,61.87,2642000,AEP
14-01-2015,61.71,62.83,61.41,62.76,2599767,AEP
15-01-2015,62.8,63.39,62.54,63.16,2608999,AEP
16-01-2015,63.19,63.6,62.76,63.57,2334483,AEP
20-01-2015,64,64.05,63.02,63.53,2258016,AEP
21-01-2015,63.38,64.25,62.95,64.14,2481311,AEP
22-01-2015,64.56,64.63,63.67,64.08,1944667,AEP
23-01-2015,64.38,64.9,64.12,64.52,2057853,AEP
26-01-2015,64.42,64.6,64.02,64.57,1803074,AEP
27-01-2015,64.41,64.816,64.2,64.25,2736103,AEP
28-01-2015,64.28,65.38,63.245,63.38,3645712,AEP
29-01-2015,63.36,63.9857,62.75,63.72,3007704,AEP
30-01-2015,63.59,64.27,62.76,62.81,3855932,AEP
02-02-2015,62.81,63.51,62.28,63.06,3641319,AEP
03-02-2015,62.92,63.14,62.499,62.76,3641297,AEP
04-02-2015,62.75,63,62.02,62.22,3356221,AEP
05-02-2015,62.56,62.69,61.89,62.45,2203151,AEP
06-02-2015,61.8,62.03,58.86,59.15,4139610,AEP
09-02-2015,59.09,59.4293,58.02,58.24,3748690,AEP
10-02-2015,58.26,59.4299,58.26,59.31,3403724,AEP
11-02-2015,59.07,59.07,58.09,58.28,2820122,AEP
12-02-2015,58.28,58.52,57.75,57.98,3705159,AEP
13-02-2015,57.81,58.11,57.005,57.83,3856644,AEP
17-02-2015,57.54,58.465,57.279,57.87,4017959,AEP
18-02-2015,58.05,59.3075,57.69,59.12,3712648,AEP
19-02-2015,58.92,59.07,58.03,58.41,2956497,AEP
20-02-2015,58.33,58.77,57.64,58.72,3899758,AEP
23-02-2015,58.77,59.15,58.69,59.09,2136372,AEP
24-02-2015,58.99,59.64,58.75,59.28,2155262,AEP
25-02-2015,59.18,59.29,58.03,58.08,3058519,AEP
26-02-2015,58.22,58.42,57.3,57.41,3200636,AEP
27-02-2015,57.53,57.89,57.26,57.58,2475391,AEP
02-03-2015,57.39,57.58,55.77,56.15,2989885,AEP
03-03-2015,56.08,56.745,55.78,56.73,2959493,AEP
04-03-2015,56.45,57.55,56.25,56.58,3193999,AEP
05-03-2015,57,57.5,56.8445,57.08,2319865,AEP
06-03-2015,56.52,56.52,54.66,55.01,3794848,AEP
09-03-2015,55.1,55.515,54.94,55.18,2303891,AEP
10-03-2015,55.06,55.85,54.93,55.26,2588160,AEP
11-03-2015,55.27,55.56,54.7,54.77,2108008,AEP
12-03-2015,55.04,56.23,54.93,55.97,2256914,AEP
13-03-2015,55.85,55.85,54.7,55.31,2303544,AEP
16-03-2015,55.5,56.54,55.48,56.16,1875875,AEP
17-03-2015,55.88,56.43,55.73,55.9,2370470,AEP
18-03-2015,55.93,57.94,55.67,57.55,3072507,AEP
19-03-2015,57.39,57.95,56.86,57.05,2227224,AEP
20-03-2015,57.32,57.98,57.02,57.7,3453314,AEP
23-03-2015,57.71,58.15,57.6,57.95,1905611,AEP
24-03-2015,57.85,58.28,57.065,57.25,1919585,AEP
25-03-2015,57.32,57.75,55.88,55.91,5557092,AEP
26-03-2015,55.8,56.23,55.09,55.33,3077175,AEP
27-03-2015,55.4,56.48,55.22,55.9,2545405,AEP
30-03-2015,56.07,56.9,55.86,56.58,1869060,AEP
31-03-2015,56.47,57.07,56.1,56.25,3366623,AEP
01-04-2015,56.22,56.6299,55.63,56.37,3032624,AEP
02-04-2015,56.32,56.65,56.16,56.46,2277322,AEP
06-04-2015,56.64,57.5125,56.64,57.1,1794614,AEP
07-04-2015,57.01,57.17,56.35,56.37,1870377,AEP
08-04-2015,56.39,56.44,55.655,55.98,2953837,AEP
09-04-2015,56.05,56.08,55.38,55.79,1925964,AEP
10-04-2015,55.96,56.58,55.79,56.39,1279237,AEP
13-04-2015,56.21,56.3602,55.64,55.67,1128416,AEP
14-04-2015,55.78,56.28,55.7,56.1,1786047,AEP
15-04-2015,56.22,56.77,56.1,56.36,2216461,AEP
16-04-2015,56.18,56.22,55.53,55.85,2762002,AEP
17-04-2015,55.62,56.39,55.51,55.73,1980096,AEP
20-04-2015,55.85,57.09,55.84,56.63,2408574,AEP
21-04-2015,56.67,57.07,55.77,55.97,1958947,AEP
22-04-2015,56.18,56.25,55.67,56.14,2305084,AEP
23-04-2015,56.84,57.12,56.33,56.9,2776156,AEP
24-04-2015,57.15,58.35,57.04,57.88,4012489,AEP
27-04-2015,58.07,58.11,57.65,57.71,3458091,AEP
28-04-2015,57.39,58.11,57.18,58.08,3114750,AEP
29-04-2015,57.51,58.03,57.21,57.79,4064971,AEP
30-04-2015,57.54,57.61,56.42,56.87,3815708,AEP
01-05-2015,56.85,57.18,56.5299,57.03,2385705,AEP
04-05-2015,57.04,57.72,56.92,57.36,2231042,AEP
05-05-2015,57.13,57.17,55.83,55.9,4733281,AEP
06-05-2015,55.48,55.69,54.36,54.96,2998738,AEP
07-05-2015,55.24,55.72,55.03,55.26,2180235,AEP
08-05-2015,55.8,56.272,55.54,55.8,2179267,AEP
11-05-2015,55.63,56.17,55.29,55.43,1606891,AEP
12-05-2015,55.08,55.16,54.57,54.95,2906692,AEP
13-05-2015,55.05,55.37,54.06,54.28,2949151,AEP
14-05-2015,54.56,55.31,54.55,55.1,2306435,AEP
15-05-2015,55.32,55.74,55.13,55.6,2144358,AEP
18-05-2015,55.36,56.04,55.34,55.88,1975041,AEP
19-05-2015,55.6,56.1,55.43,55.8,1766626,AEP
20-05-2015,55.76,56.265,55.719,55.92,1748772,AEP
21-05-2015,55.91,56.05,55.54,55.81,2026474,AEP
22-05-2015,55.61,55.81,55.259,55.65,1617924,AEP
26-05-2015,55.6,55.64,54.92,55.33,2031990,AEP
27-05-2015,55.49,56.14,55.29,56.06,2492909,AEP
28-05-2015,56.01,56.33,55.62,56.1,2135839,AEP
29-05-2015,56.24,56.45,55.79,56.29,3676853,AEP
01-06-2015,56.07,56.405,55.75,56.01,2128497,AEP
02-06-2015,55.63,55.67,54.82,55.17,2221417,AEP
03-06-2015,55.1,55.26,54.1,54.38,2656220,AEP
04-06-2015,54.15,54.66,54.12,54.29,3265477,AEP
05-06-2015,53.77,53.79,53.12,53.44,3394342,AEP
08-06-2015,53.51,53.59,53.2,53.46,2791667,AEP
09-06-2015,53.4,53.92,53.25,53.46,2862144,AEP
10-06-2015,54.52,54.81,53.87,53.89,3022428,AEP
11-06-2015,54.36,54.51,54.12,54.31,2495940,AEP
12-06-2015,54.08,54.23,53.86,53.93,1884309,AEP
15-06-2015,53.8,54,53.57,53.65,1814880,AEP
16-06-2015,53.55,53.84,53.34,53.73,2673237,AEP
17-06-2015,53.67,54.15,53.45,54.06,2032513,AEP
18-06-2015,54.11,54.99,54.11,54.83,2069796,AEP
19-06-2015,54.86,54.94,54.45,54.47,2629427,AEP
22-06-2015,54.58,54.58,54.1,54.24,1568221,AEP
23-06-2015,54.21,54.3,53.275,53.34,2565843,AEP
24-06-2015,53.37,53.56,52.92,52.96,2866038,AEP
25-06-2015,52.98,53.2,52.62,52.62,1959851,AEP
26-06-2015,52.59,53.04,52.32,52.91,2194192,AEP
29-06-2015,52.93,53.66,52.77,52.8,2368278,AEP
30-06-2015,52.95,53.25,52.7621,52.97,3239338,AEP
01-07-2015,53,53.37,52.76,53.29,2664470,AEP
02-07-2015,53.52,54.33,53.51,54.23,2125320,AEP
06-07-2015,54.09,54.55,54.02,54.53,3266742,AEP
07-07-2015,54.8,56.5,54.74,56.08,4447474,AEP
08-07-2015,55.8,56.37,55.75,56.03,2974982,AEP
09-07-2015,56.1,56.33,55.23,55.52,3339561,AEP
10-07-2015,55.45,55.99,55.21,55.56,2806444,AEP
13-07-2015,55.67,55.9,54.88,55.34,2215520,AEP
14-07-2015,55.39,55.67,54.99,55.19,1930054,AEP
15-07-2015,55.2,55.68,54.99,55.68,2418804,AEP
16-07-2015,55.72,56.445,55.62,56.36,2497283,AEP
17-07-2015,56.11,56.36,55.71,55.72,2824472,AEP
20-07-2015,55.58,55.7,55.0535,55.54,2747529,AEP
21-07-2015,55.5,55.58,54.65,54.89,2201339,AEP
22-07-2015,54.97,55.55,54.89,55.21,3186522,AEP
23-07-2015,55.33,55.33,54.22,54.59,3534325,AEP
24-07-2015,54.51,54.78,54.17,54.6,3025694,AEP
27-07-2015,54.66,56.03,54.62,55.74,2789884,AEP
28-07-2015,55.64,56.03,55.52,55.89,2687061,AEP
29-07-2015,55.75,56,55.38,55.94,2497194,AEP
30-07-2015,55.66,56.61,55.57,56.32,1994096,AEP
31-07-2015,56.79,57.22,56.48,56.57,2414566,AEP
03-08-2015,56.78,57.249,56.65,57.06,2458627,AEP
04-08-2015,57.03,57.14,56.28,56.39,2201019,AEP
05-08-2015,56.59,56.85,56.24,56.65,2305185,AEP
06-08-2015,56.03,56.32,55.34,56.26,2205516,AEP
07-08-2015,56.15,57.08,55.78,56.77,2038412,AEP
10-08-2015,56.81,57.07,56.54,56.71,2511489,AEP
11-08-2015,56.7,57.38,56.46,56.85,2383282,AEP
12-08-2015,56.85,57.77,56.6,57.57,2458391,AEP
13-08-2015,57.33,57.74,56.88,57.55,1887311,AEP
14-08-2015,57.57,58.21,57.09,58.2,1933531,AEP
17-08-2015,58.19,58.67,57.99,58.35,2194270,AEP
18-08-2015,58.2,58.37,57.96,58.27,1954814,AEP
19-08-2015,58.01,58.96,57.82,58.8,2580615,AEP
20-08-2015,58.42,59.18,58.12,58.37,1856103,AEP
21-08-2015,57.97,58.36,57.22,57.29,3934308,AEP
24-08-2015,55.29,56.77,52.3,54.83,5660377,AEP
25-08-2015,55.02,55.65,53,53.02,4974583,AEP
26-08-2015,53.53,54.21,52.8,54.01,4407813,AEP
27-08-2015,54.58,54.93,54.11,54.91,2909107,AEP
28-08-2015,54.85,55.3775,54.07,54.9,2105724,AEP
31-08-2015,54.55,54.69,53.823,54.29,3588890,AEP
01-09-2015,53.74,53.93,52.65,52.99,3281771,AEP
02-09-2015,53.38,53.41,52.46,53.01,2460878,AEP
03-09-2015,53.05,53.5332,53,53.35,2340639,AEP
04-09-2015,52.96,53.07,52.29,52.54,2595285,AEP
08-09-2015,53.23,54.09,53.23,54.08,3149629,AEP
09-09-2015,54.36,54.48,53.27,53.37,2602816,AEP
10-09-2015,53.41,53.87,53.18,53.39,2172487,AEP
11-09-2015,53.29,53.81,53.04,53.78,1805288,AEP
14-09-2015,53.87,54.24,53.6,53.68,2063775,AEP
15-09-2015,53.78,54.02,53.3899,53.85,2423821,AEP
16-09-2015,53.98,54.72,53.84,54.63,4547183,AEP
17-09-2015,54.67,56.44,54.54,55.87,5244380,AEP
18-09-2015,55.5,56.33,55.34,55.48,3832682,AEP
21-09-2015,55.73,55.94,55.35,55.6,2823745,AEP
22-09-2015,55.38,55.65,54.6,54.72,3559842,AEP
23-09-2015,54.81,55.11,54.51,55.02,1878489,AEP
24-09-2015,54.85,55.6,54.74,55.46,3829202,AEP
25-09-2015,55.59,56.545,55.185,55.99,2718034,AEP
28-09-2015,55.94,56.52,55.46,55.86,2413753,AEP
29-09-2015,55.99,56.39,55.74,56.13,2659832,AEP
30-09-2015,56.35,56.97,56.01,56.86,2785199,AEP
01-10-2015,56.92,57,55.79,56.14,4215622,AEP
02-10-2015,56.73,56.76,55.69,56.32,5169239,AEP
05-10-2015,56.67,57.59,56.44,57.46,3007276,AEP
06-10-2015,57.23,57.44,56.43,56.62,3101543,AEP
07-10-2015,56.76,56.8,55.95,56.04,4484195,AEP
08-10-2015,56.01,56.96,55.94,56.87,3398340,AEP
09-10-2015,56.9,57.04,56.5101,56.74,2042989,AEP
12-10-2015,56.8,57.74,56.8,57.56,2270673,AEP
13-10-2015,57.46,57.8559,57.26,57.65,2143503,AEP
14-10-2015,57.67,58.395,57.6,58.15,3887512,AEP
15-10-2015,58.35,58.81,57.89,58.72,2754864,AEP
16-10-2015,59,59.04,58.265,58.54,3034276,AEP
19-10-2015,58.46,58.67,57.83,58.59,2892086,AEP
20-10-2015,58.51,59.23,58.22,58.66,3125162,AEP
21-10-2015,58.96,59.52,58.72,58.94,3321562,AEP
22-10-2015,58.51,59.27,58.19,59.17,4104622,AEP
23-10-2015,58.97,59.01,57.405,57.48,4884535,AEP
26-10-2015,57.73,57.89,57.27,57.82,2861653,AEP
27-10-2015,57.87,58.04,57.43,57.67,2129533,AEP
28-10-2015,57.79,57.98,56.4,57.07,2053776,AEP
29-10-2015,56.78,57,55.52,56.21,3446642,AEP
30-10-2015,56.44,56.925,56.21,56.65,2763774,AEP
02-11-2015,56.65,57,56.26,56.89,2726858,AEP
03-11-2015,56.71,57.04,56.35,56.75,2139692,AEP
04-11-2015,56.77,57.15,56.58,56.71,2573716,AEP
05-11-2015,56.71,56.97,56.42,56.49,2383693,AEP
06-11-2015,55.2,55.28,53.3,53.96,5150929,AEP
09-11-2015,53.74,54.57,53.53,54.43,3673338,AEP
10-11-2015,54.48,55.14,54.48,55.1,2383226,AEP
11-11-2015,55.15,55.69,55.02,55.56,2711527,AEP
12-11-2015,55.38,56,55.031,55.32,2637085,AEP
13-11-2015,55.38,55.85,54.95,55.06,2247643,AEP
16-11-2015,55.05,56.25,54.96,56.21,2208484,AEP
17-11-2015,56.06,56.55,54.91,55.05,2422528,AEP
18-11-2015,55.09,55.5,54.31,55.41,4675712,AEP
19-11-2015,55.59,56.52,55.53,56.32,3749924,AEP
20-11-2015,56.54,56.98,56.11,56.54,4264654,AEP
23-11-2015,56.57,56.84,55.91,55.99,2302246,AEP
24-11-2015,55.69,55.975,55.27,55.79,2254789,AEP
25-11-2015,55.58,55.8,55.3,55.61,2346144,AEP
27-11-2015,55.66,56.13,55.48,55.94,1423616,AEP
30-11-2015,55.95,56.59,55.95,56.01,4405974,AEP
01-12-2015,56.36,56.88,55.96,56.73,3523161,AEP
02-12-2015,56.45,56.6,55.27,55.33,2574681,AEP
03-12-2015,55.04,55.32,54.5,54.7,3463399,AEP
04-12-2015,54.96,55.89,54.92,55.84,2328806,AEP
07-12-2015,56.23,56.3,55.755,56.25,2687814,AEP
08-12-2015,56.12,56.22,55.56,55.88,2301307,AEP
09-12-2015,55.72,56.91,55.38,56.25,2797997,AEP
10-12-2015,56.28,56.33,54.81,54.88,3724171,AEP
11-12-2015,54.65,55.1,54.4,54.56,2962561,AEP
14-12-2015,54.56,54.96,54.08,54.54,4001355,AEP
15-12-2015,55.1,56.38,54.79,56.04,4354137,AEP
16-12-2015,56.19,57.19,56.11,57.01,3424188,AEP
17-12-2015,56.97,58.03,56.85,57.42,4305359,AEP
18-12-2015,57.21,57.28,56.03,56.28,5469487,AEP
21-12-2015,56.61,56.93,56.18,56.55,3552390,AEP
22-12-2015,56.7,57.33,56.215,57.21,2861976,AEP
23-12-2015,57.34,58.42,57.17,58.25,3181201,AEP
24-12-2015,58.14,58.545,58.05,58.4,1337101,AEP
28-12-2015,58.16,58.7425,58.05,58.6,2432134,AEP
29-12-2015,58.8,59.07,58.66,58.89,3159377,AEP
30-12-2015,58.94,59.14,58.73,58.9,1754815,AEP
31-12-2015,58.82,59.44,57.69,58.27,2457811,AEP
04-01-2016,57.82,58.36,57.53,58.33,4087757,AEP
05-01-2016,58.25,58.975,57.31,58.81,3434514,AEP
06-01-2016,58.43,59.345,58.21,59.03,3528292,AEP
07-01-2016,58.47,58.98,58.17,58.35,3847230,AEP
08-01-2016,58.35,58.93,58.13,58.26,2795574,AEP
11-01-2016,58.38,59,58.21,58.77,2763497,AEP
12-01-2016,58.89,58.97,57.46,58.17,4252276,AEP
13-01-2016,58.23,58.54,57.82,57.95,3531494,AEP
14-01-2016,58.28,59.56,57.9,59.14,4091592,AEP
15-01-2016,58.36,59.09,57.88,58.69,3577308,AEP
19-01-2016,59,59.72,58.7,59.57,3620723,AEP
20-01-2016,59.21,59.46,57.1731,57.92,4403294,AEP
21-01-2016,57.38,58.3841,57.1,57.64,3990496,AEP
22-01-2016,58.46,58.57,57.72,58.53,3707636,AEP
25-01-2016,58.54,58.56,57.67,57.75,3639702,AEP
26-01-2016,58,58.97,57.87,58.2,3176471,AEP
27-01-2016,58.19,58.8,57.68,58.19,3125479,AEP
28-01-2016,57.13,59.84,56.75,59.45,4542483,AEP
29-01-2016,60,61.075,59.96,60.97,4726949,AEP
01-02-2016,61,62.56,60.82,61.79,5033460,AEP
02-02-2016,61.66,62.295,61.5,62,4598952,AEP
03-02-2016,62.38,63.63,62.18,63.31,4944787,AEP
04-02-2016,63.15,63.34,62.03,62.29,4114594,AEP
05-02-2016,62.17,63.28,61.5512,62.84,4122987,AEP
08-02-2016,62.23,63.05,61.38,62.49,4545195,AEP
09-02-2016,62.4,62.93,61.95,62.37,3166401,AEP
10-02-2016,62.06,63.38,61.55,62.9,4180326,AEP
11-02-2016,62.53,63,61.28,61.31,3288529,AEP
12-02-2016,61.31,61.85,60.4071,60.6,3847273,AEP
16-02-2016,60.92,61.56,60.5,61.09,3925122,AEP
17-02-2016,61.12,61.28,60.33,61.1,3400740,AEP
18-02-2016,61.29,62.78,60.92,62.45,2926662,AEP
19-02-2016,62.43,62.45,61.59,61.91,2445683,AEP
22-02-2016,62.01,62.88,61.85,62.85,2213514,AEP
23-02-2016,62.47,62.935,62.1,62.76,1943760,AEP
24-02-2016,62.78,63.3,62.395,63.01,1800768,AEP
25-02-2016,63.17,63.9,63.02,63.89,1763109,AEP
26-02-2016,63.28,63.77,61.42,61.47,3320851,AEP
29-02-2016,61.47,62.39,61.44,61.75,3225053,AEP
01-03-2016,62.07,62.27,61.25,61.73,2059580,AEP
02-03-2016,61.51,61.9699,60.15,61.89,2801742,AEP
03-03-2016,61.78,61.85,60.66,61.77,3879083,AEP
04-03-2016,61.46,62.7064,61.02,62.43,3857860,AEP
07-03-2016,62.41,63.4,62.17,63.24,2929068,AEP
08-03-2016,63.24,63.92,62.91,63.61,2701369,AEP
09-03-2016,63.68,64.63,63.545,64.3,2324118,AEP
10-03-2016,64.3,64.44,63.475,64.13,1951529,AEP
11-03-2016,64.56,64.69,64.09,64.23,2094705,AEP
14-03-2016,63.89,64.38,63.72,64.22,1540632,AEP
15-03-2016,64.26,64.7,63.87,64.41,1599154,AEP
16-03-2016,64.33,65.25,63.7301,65.13,2907997,AEP
17-03-2016,65.2,65.63,64.85,65.43,2374067,AEP
18-03-2016,65.64,65.68,64.78,64.79,5079284,AEP
21-03-2016,64.39,65.0344,64.02,64.8,2291317,AEP
22-03-2016,65.01,65.34,64.57,64.77,2772264,AEP
23-03-2016,64.64,65.3064,64.4,65.08,3702591,AEP
24-03-2016,65.02,65.4,64.715,65.06,3985109,AEP
28-03-2016,65.39,65.76,64.88,65,3282563,AEP
29-03-2016,65.14,66.07,64.82,66.03,3495850,AEP
30-03-2016,66.06,66.37,65.7,66.02,2278475,AEP
31-03-2016,66.01,66.49,65.77,66.4,2924650,AEP
01-04-2016,66.1,67.14,66.09,67.01,2097787,AEP
04-04-2016,67.07,67.19,66.21,66.58,1795408,AEP
05-04-2016,66.54,66.62,65.36,65.4,2580812,AEP
06-04-2016,65.33,65.69,64.98,65.63,2024229,AEP
07-04-2016,65.47,65.98,65.37,65.5,1523518,AEP
08-04-2016,65.87,66.3533,65.74,66.01,2137818,AEP
11-04-2016,66.05,66.47,65.6,65.68,1679466,AEP
12-04-2016,65.75,66.38,65.62,66.31,1773644,AEP
13-04-2016,66.4,66.4,65.41,65.79,1943409,AEP
14-04-2016,65.61,65.98,65.46,65.59,1122251,AEP
15-04-2016,65.78,66.18,65.58,66.05,1960818,AEP
18-04-2016,65.82,66.31,65.49,66.24,1757190,AEP
19-04-2016,66.37,66.43,65.52,65.84,2621241,AEP
20-04-2016,65.86,66.11,63.56,63.7,4650565,AEP
21-04-2016,63.6,63.6,62.01,62.26,4528346,AEP
22-04-2016,62.5,62.99,62.34,62.74,3059939,AEP
25-04-2016,62.68,62.84,62.46,62.81,2469485,AEP
26-04-2016,62.92,63.25,62.73,62.9,1977520,AEP
27-04-2016,63,64.42,62.9,63.93,3967646,AEP
28-04-2016,61.85,63.41,61.42,63.06,5010186,AEP
29-04-2016,62.73,63.63,62.09,63.5,2992844,AEP
02-05-2016,63.6,64.4231,63.41,64.36,5027977,AEP
03-05-2016,64.32,64.7,64.07,64.5,4468638,AEP
04-05-2016,64.38,65.71,64.17,65.39,3535946,AEP
05-05-2016,65.19,65.96,64.78,65.16,2817279,AEP
06-05-2016,64.59,64.78,63.65,64.56,3189447,AEP
09-05-2016,64.62,65.38,64.32,65.29,3933029,AEP
10-05-2016,65.54,65.5599,64.92,65.05,2757725,AEP
11-05-2016,65.05,65.34,64.53,65.21,2100751,AEP
12-05-2016,65.12,65.85,64.78,65.66,2146037,AEP
13-05-2016,65.57,65.8,64.92,65.61,2781376,AEP
16-05-2016,65.43,65.97,65.02,65.93,2341565,AEP
17-05-2016,65.87,65.89,64.18,64.51,3411796,AEP
18-05-2016,64.03,64.52,62.97,63.3,4397849,AEP
19-05-2016,63.18,63.87,62.61,63.85,2869700,AEP
20-05-2016,64.05,64.1,63.35,63.8,2226237,AEP
23-05-2016,63.8,63.87,62.91,62.95,2521134,AEP
24-05-2016,63.25,63.8,63.04,63.63,2288258,AEP
25-05-2016,63.29,63.78,63,63.43,2407886,AEP
26-05-2016,63.33,64.375,63.32,64.33,3277293,AEP
27-05-2016,64.26,64.57,63.86,64.31,2135616,AEP
31-05-2016,64.22,64.84,64.03,64.73,3362423,AEP
01-06-2016,64.74,65.04,64.5201,64.89,1938589,AEP
02-06-2016,64.69,64.84,64.04,64.68,1948908,AEP
03-06-2016,65.2,66.22,65.2,65.81,2307491,AEP
06-06-2016,65.93,66.06,65.45,65.7,1960499,AEP
07-06-2016,65.95,66.22,65.67,65.84,2182122,AEP
08-06-2016,65.75,66.2,65.68,66.2,1555708,AEP
09-06-2016,66.21,67.01,66.11,66.96,1803086,AEP
10-06-2016,66.88,67.34,66.55,66.85,1768758,AEP
13-06-2016,66.92,67.2,66.48,66.55,2802353,AEP
14-06-2016,66.55,66.83,66.09,66.83,2090380,AEP
15-06-2016,66.91,67,65.95,66.24,2131198,AEP
16-06-2016,66.37,67.04,66.25,66.88,2217568,AEP
17-06-2016,67.03,67.28,66.47,67.21,2620759,AEP
20-06-2016,67.11,67.28,66.34,66.79,2036738,AEP
21-06-2016,66.93,67.15,66.4,66.77,1383668,AEP
22-06-2016,66.9,66.9599,66.415,66.5,1458274,AEP
23-06-2016,66.61,66.63,66.0978,66.59,1830959,AEP
24-06-2016,65.92,67.94,65.84,67.26,4034594,AEP
27-06-2016,67.17,68.52,67.04,68.35,3506723,AEP
28-06-2016,68.27,68.65,67.5,68.64,2394336,AEP
29-06-2016,68.9,69.08,68.32,68.72,2522403,AEP
30-06-2016,68.82,70.1,68.58,70.09,2858386,AEP
01-07-2016,70.46,70.49,69.45,70.14,2113614,AEP
05-07-2016,70.29,70.92,70.15,70.81,1935179,AEP
06-07-2016,70.81,71.32,70.43,71.27,2990387,AEP
07-07-2016,70.96,70.98,70.12,70.28,2989803,AEP
08-07-2016,70.02,70.81,69.45,70.71,2690534,AEP
11-07-2016,70.43,70.76,69.68,70.7,2065126,AEP
12-07-2016,70.25,70.42,69.51,69.58,2866106,AEP
13-07-2016,69.92,70.14,69.63,70.01,2007135,AEP
14-07-2016,69.46,69.9,69.15,69.38,2473277,AEP
15-07-2016,69.44,69.735,69.17,69.64,2264316,AEP
18-07-2016,69.73,70.115,69.6772,69.95,1581401,AEP
19-07-2016,70,70.1,69.32,69.77,1821588,AEP
20-07-2016,69.8,69.87,69.21,69.35,1458523,AEP
21-07-2016,69.18,69.45,68.7,69.43,3198286,AEP
22-07-2016,69.47,70.25,69.16,70.06,2452846,AEP
25-07-2016,70.08,70.16,69.45,69.77,1966570,AEP
26-07-2016,70.24,70.27,69.33,69.74,2375136,AEP
27-07-2016,69.54,69.63,68.25,68.86,3190530,AEP
28-07-2016,68.97,69.22,68.58,68.92,2641214,AEP
29-07-2016,68.84,69.56,68.82,69.3,2490159,AEP
01-08-2016,68.87,69.48,68.87,69.31,1669534,AEP
02-08-2016,68.95,69.26,68.585,69.01,1894225,AEP
03-08-2016,68.84,69.03,68.12,68.45,1959429,AEP
04-08-2016,68.57,69.04,68.39,68.64,1797590,AEP
05-08-2016,68.48,68.56,67.63,67.86,3774802,AEP
08-08-2016,67.44,67.84,67.005,67.15,1876469,AEP
09-08-2016,67.19,67.6,66.9875,67.39,1747173,AEP
10-08-2016,67.47,67.76,67.22,67.56,1289089,AEP
11-08-2016,67.6,67.73,67.21,67.72,2133553,AEP
12-08-2016,67.94,68.18,67.51,67.55,1373256,AEP
15-08-2016,67.71,67.8,66.49,66.52,1943847,AEP
16-08-2016,66.36,66.44,65.68,65.68,2380905,AEP
17-08-2016,65.75,66.62,65.08,66.5,3340030,AEP
18-08-2016,66.37,67.42,66.27,67.4,3464238,AEP
19-08-2016,67.11,67.36,66.14,66.37,2056772,AEP
22-08-2016,66.56,66.9,66.32,66.52,1595111,AEP
23-08-2016,66.64,66.99,66.28,66.28,1858475,AEP
24-08-2016,66.12,66.4699,65.76,66.34,1584100,AEP
25-08-2016,66.41,66.64,66.22,66.37,1594196,AEP
26-08-2016,66.42,66.91,64.63,64.69,3314639,AEP
29-08-2016,64.87,65.37,64.82,65.18,2269259,AEP
30-08-2016,65.21,65.5,64.26,64.32,3295131,AEP
31-08-2016,64.55,64.61,64.07,64.57,3163296,AEP
01-09-2016,64.41,64.7,64.22,64.41,2030777,AEP
02-09-2016,64.57,65.37,64.48,65.24,2209510,AEP
06-09-2016,65.51,66.17,65.4,66.04,2430990,AEP
07-09-2016,65.97,66.24,65.65,66.05,1992804,AEP
08-09-2016,65.89,66.35,65.77,66.1,1834065,AEP
09-09-2016,65.51,65.6,63.62,63.71,3341289,AEP
12-09-2016,63.68,64.89,63.68,64.71,2815071,AEP
13-09-2016,64.52,64.9,63.5635,63.81,3845791,AEP
14-09-2016,64.76,64.76,63.6999,64.02,2820620,AEP
15-09-2016,63.94,64.475,63.71,64.3,2461836,AEP
16-09-2016,64.16,64.88,63.88,64.81,3751526,AEP
19-09-2016,65,65.49,64.81,65.42,2185863,AEP
20-09-2016,65.23,65.6899,65.01,65.01,2233058,AEP
21-09-2016,64.95,66.27,64.91,66.19,3381417,AEP
22-09-2016,66.51,66.79,66.2,66.6,2582455,AEP
23-09-2016,66.48,66.87,66.09,66.66,2031124,AEP
26-09-2016,66.66,66.74,66.15,66.36,1745753,AEP
27-09-2016,66.66,66.96,65.37,65.5,2229779,AEP
28-09-2016,65.65,65.775,64.78,65.36,2516232,AEP
29-09-2016,65.42,65.42,64.1,64.5,3632120,AEP
30-09-2016,64.8,65.07,63.75,64.21,4152613,AEP
03-10-2016,64.04,64.06,63.05,63.51,2813361,AEP
04-10-2016,63.47,63.47,61.8201,62.18,3586483,AEP
05-10-2016,62.19,63.03,61.98,62.18,3825863,AEP
06-10-2016,62.07,62.51,61.72,62.25,3195839,AEP
07-10-2016,62.7,63.15,61.75,61.79,3345269,AEP
10-10-2016,61.97,62.31,61.725,62.21,1633689,AEP
11-10-2016,61.98,62.28,61.28,61.34,2157746,AEP
12-10-2016,61.43,62.19,61.43,62,2648442,AEP
13-10-2016,61.86,63.0135,61.8,62.53,3456987,AEP
14-10-2016,62.25,62.835,61.97,62.3,2490069,AEP
17-10-2016,62.5,63.14,62.43,62.97,2767877,AEP
18-10-2016,63.27,63.48,62.455,63.37,2833853,AEP
19-10-2016,63.38,63.44,62.86,63.19,2351365,AEP
20-10-2016,63.22,63.4101,62.77,62.91,1682700,AEP
21-10-2016,62.59,62.8,62.2,62.48,1782741,AEP
24-10-2016,62.76,63.13,62.48,63.03,1677416,AEP
25-10-2016,62.82,63.71,62.77,63.46,2535075,AEP
26-10-2016,63.35,63.87,62.94,63.53,2250805,AEP
27-10-2016,63.31,63.47,62.76,63.19,2305032,AEP
28-10-2016,63.23,63.85,63.16,63.41,2351889,AEP
31-10-2016,63.59,65.25,63.57,64.84,4076402,AEP
01-11-2016,64.55,64.9,63.11,63.38,4536329,AEP
02-11-2016,62.74,62.89,61.92,62.61,3156164,AEP
03-11-2016,62.47,63.37,62.18,62.92,2401806,AEP
04-11-2016,63.25,63.74,62.36,62.4,2966923,AEP
07-11-2016,62.63,63.275,61.62,63.24,3102530,AEP
08-11-2016,62.89,63.68,62.865,63.23,2970789,AEP
09-11-2016,62.01,62.01,61.02,61.25,3160934,AEP
10-11-2016,61,61,58.57,59.74,5057574,AEP
11-11-2016,59.76,60.875,59.551,59.99,3539837,AEP
14-11-2016,59.59,59.68,58.16,58.72,7074577,AEP
15-11-2016,58.97,59.74,58.95,59.46,3537934,AEP
16-11-2016,59.46,59.68,58.53,58.99,2755393,AEP
17-11-2016,58.8,59.32,58.8,58.86,2307234,AEP
18-11-2016,58.84,59.23,58.31,58.44,2775742,AEP
21-11-2016,58.62,59.3784,58.61,59.32,2462338,AEP
22-11-2016,59.32,59.39,58.88,59.17,4091374,AEP
23-11-2016,58.64,59.25,58.6,58.82,2438466,AEP
25-11-2016,59.07,59.95,59.05,59.72,984818,AEP
28-11-2016,60,61.14,59.95,60.9,2705334,AEP
29-11-2016,60.63,61.4532,60.59,61.27,2770373,AEP
30-11-2016,60.5,60.5,59.05,59.05,3515291,AEP
01-12-2016,58.82,58.8899,57.89,58.16,3539252,AEP
02-12-2016,58.63,59.17,58.33,58.7,2130017,AEP
05-12-2016,58.43,59.22,57.897,59.2,3400602,AEP
06-12-2016,59.39,59.64,59.01,59.47,3343439,AEP
07-12-2016,59.73,60.34,59.46,60.25,2444672,AEP
08-12-2016,59.81,60.36,59.35,60.18,2877593,AEP
09-12-2016,60.3,60.99,60.25,60.99,2329412,AEP
12-12-2016,60.98,62.09,60.8775,61.95,2603291,AEP
13-12-2016,62.01,62.78,61.95,62.71,2909017,AEP
14-12-2016,63.02,63.41,61.57,61.7,3726056,AEP
15-12-2016,61.32,62.14,61.03,62.11,2290723,AEP
16-12-2016,62.26,62.84,62,62.81,3966166,AEP
19-12-2016,63.11,63.2,62.475,62.94,2011466,AEP
20-12-2016,62.96,63.355,62.73,63.21,2548967,AEP
21-12-2016,63.1,63.4,62.79,62.8,1506006,AEP
22-12-2016,62.8,63.38,62.7,63.24,2143081,AEP
23-12-2016,63.53,63.53,62.851,63.17,1121643,AEP
27-12-2016,62.97,63.27,62.795,63.13,1246507,AEP
28-12-2016,63.09,63.12,62.3,62.39,1501844,AEP
29-12-2016,62.66,63.38,62.5,63.28,1508331,AEP
30-12-2016,63.32,63.42,62.715,62.96,1677203,AEP
03-01-2017,63.01,63.03,62.3471,62.76,1944263,AEP
04-01-2017,62.91,63.41,62.67,62.85,2127189,AEP
05-01-2017,63.03,63.43,62.39,63.19,3885023,AEP
06-01-2017,62.9,63.31,62.72,63.14,1769918,AEP
09-01-2017,62.96,63.33,62.2,62.31,2382105,AEP
10-01-2017,62.58,62.7,61.82,62.12,2046802,AEP
11-01-2017,62.21,63.19,62.12,63.18,2918425,AEP
12-01-2017,62.96,63.4,62.8,63.29,2140333,AEP
13-01-2017,63.09,63.3,62.75,63.23,2506564,AEP
17-01-2017,63.45,64.03,63.3,63.81,1705804,AEP
18-01-2017,63.53,63.9183,63.39,63.46,1883858,AEP
19-01-2017,63.19,63.41,62.54,62.7,2628320,AEP
20-01-2017,62.9,63.15,62.49,62.91,2014966,AEP
23-01-2017,62.91,63.14,62.64,62.71,1317786,AEP
24-01-2017,62.64,62.9,62.51,62.78,2061077,AEP
25-01-2017,62.68,62.83,62.41,62.53,2316942,AEP
26-01-2017,62.5,62.82,62.14,62.64,2525638,AEP
27-01-2017,62.78,63.04,62.48,62.97,2537346,AEP
30-01-2017,63.11,63.4,62.775,63.21,2265025,AEP
31-01-2017,63.15,64.105,62.95,64.06,2712252,AEP
01-02-2017,63.58,63.81,63.02,63.09,2779623,AEP
02-02-2017,63.11,63.81,62.97,63.78,1802748,AEP
03-02-2017,63.78,64.34,63.64,64.03,2288855,AEP
06-02-2017,64.25,64.41,63.72,63.82,1741371,AEP
07-02-2017,63.82,64.01,63.56,63.93,1552844,AEP
08-02-2017,63.32,64.02,63.32,63.8,1817031,AEP
09-02-2017,63.68,64.02,63.36,63.42,2517027,AEP
10-02-2017,63.35,64.075,63.31,63.95,2429795,AEP
13-02-2017,63.97,64.1,63.455,63.79,2188901,AEP
14-02-2017,63.64,63.74,62.96,63.27,2218831,AEP
15-02-2017,62.93,63.33,62.69,63.29,2068263,AEP
16-02-2017,63.39,63.721,63.3057,63.7,1890265,AEP
17-02-2017,63.8,64.13,63.5312,64.11,1956203,AEP
21-02-2017,63.98,64.87,63.75,64.76,2067267,AEP
22-02-2017,64.67,65.405,64.52,65.31,2455852,AEP
23-02-2017,65.55,66.09,65.31,66.01,2286647,AEP
24-02-2017,66.19,67.22,66.15,67.15,4094073,AEP
27-02-2017,67.06,67.12,66.51,66.7,3101297,AEP
28-02-2017,66.7,67.15,66.48,66.97,3912044,AEP
01-03-2017,66.2,66.74,65.89,66.12,3147106,AEP
02-03-2017,65.9,66.96,65.86,66.5,2442862,AEP
03-03-2017,66.57,66.62,65.957,66.52,2127375,AEP
06-03-2017,66.37,66.5973,66.06,66.35,1832269,AEP
07-03-2017,66.25,66.52,66.13,66.24,2769998,AEP
08-03-2017,65.77,65.9,65.02,65.15,3126137,AEP
09-03-2017,65.21,65.65,64.81,64.84,2532275,AEP
10-03-2017,65.3,65.59,64.945,65.4,2358634,AEP
13-03-2017,65.41,65.8499,65.33,65.81,1922007,AEP
14-03-2017,65.77,65.93,65.52,65.79,1641890,AEP
15-03-2017,65.86,67,65.82,66.68,1776023,AEP
16-03-2017,66.47,66.5,65.86,66.01,1615280,AEP
17-03-2017,66.16,66.86,66.08,66.47,3823567,AEP
20-03-2017,66.62,66.86,65.99,66.13,1861478,AEP
21-03-2017,66.1,67.22,66.09,66.98,3159335,AEP
22-03-2017,67.34,67.8,67.1208,67.44,2609343,AEP
23-03-2017,67.35,68.03,67.23,67.45,2554667,AEP
24-03-2017,67.39,68.02,67.27,67.79,1969462,AEP
27-03-2017,67.94,68.25,67.34,67.69,2565655,AEP
28-03-2017,67.48,67.9,67.42,67.84,2644982,AEP
29-03-2017,67.59,67.72,67.28,67.39,2272428,AEP
30-03-2017,67.16,67.39,66.85,67.16,2081137,AEP
31-03-2017,67.08,67.51,67.07,67.13,2260376,AEP
03-04-2017,67.02,67.18,66.5,67.15,1940711,AEP
04-04-2017,67.16,67.52,66.96,67.29,1767622,AEP
05-04-2017,67.28,67.9,67.1,67.83,2162664,AEP
06-04-2017,67.62,67.77,67.36,67.62,2073761,AEP
07-04-2017,67.8,67.99,67.295,67.32,2934580,AEP
10-04-2017,67.47,67.63,67.03,67.5,1556692,AEP
11-04-2017,67.39,67.54,66.9937,67.39,2046600,AEP
12-04-2017,67.15,67.85,67.02,67.79,2286721,AEP
13-04-2017,67.8,67.9,67.29,67.54,1899033,AEP
17-04-2017,67.67,67.875,67.56,67.74,1452586,AEP
18-04-2017,67.77,68.12,67.65,67.98,2427455,AEP
19-04-2017,67.99,68.13,67.51,67.74,2802215,AEP
20-04-2017,67.54,67.65,66.965,67.44,2518590,AEP
21-04-2017,67.28,68.03,67.28,67.86,2721113,AEP
24-04-2017,67.82,68.09,67.3601,67.97,2714533,AEP
25-04-2017,67.74,68.03,67.545,67.86,1824482,AEP
26-04-2017,67.79,68.12,67.62,67.69,2821581,AEP
27-04-2017,67.44,68.46,67.21,68.1,2225418,AEP
28-04-2017,68.1,68.24,67.74,67.83,2671290,AEP
01-05-2017,68.03,68.03,67.34,67.47,1694436,AEP
02-05-2017,67.67,68.16,67.55,68.01,3172017,AEP
03-05-2017,68,68.25,67.77,67.9,1879033,AEP
04-05-2017,67.71,68.12,67.67,68.02,2284967,AEP
05-05-2017,68.22,68.66,67.89,68.41,2674812,AEP
08-05-2017,67.99,68.18,67.52,67.73,2650883,AEP
09-05-2017,67.63,67.77,67.2371,67.31,2340668,AEP
10-05-2017,67.35,67.62,67.125,67.41,2236261,AEP
11-05-2017,67.23,67.56,66.93,67.55,1491189,AEP
12-05-2017,67.59,68.3,67.55,68.06,2241667,AEP
15-05-2017,68.08,68.72,67.87,68.56,2427672,AEP
16-05-2017,68.43,68.6325,67.85,67.86,1556720,AEP
17-05-2017,68.01,68.5,67.92,68.15,2243927,AEP
18-05-2017,68.35,68.89,67.81,68.31,2139887,AEP
19-05-2017,68.3,68.74,67.88,68.72,2377568,AEP
22-05-2017,68.68,69.58,68.5984,69.42,2881486,AEP
23-05-2017,69.43,70.07,69.37,69.59,2251938,AEP
24-05-2017,69.74,70.235,69.66,70.2,2009067,AEP
25-05-2017,70.17,70.93,70.08,70.8,2214239,AEP
26-05-2017,70.8,71.01,70.71,70.87,3464774,AEP
30-05-2017,70.77,71.26,70.7,71.21,2027892,AEP
31-05-2017,71.26,71.91,71.24,71.78,2857064,AEP
01-06-2017,71.65,72.22,71.4,72.21,2715088,AEP
02-06-2017,72.51,72.72,72.28,72.67,2583695,AEP
05-06-2017,72.64,72.69,72.32,72.4,2723224,AEP
06-06-2017,72.62,72.67,72.06,72.13,2485933,AEP
07-06-2017,72.26,72.71,72.07,72.62,2565318,AEP
08-06-2017,72.65,72.65,71.51,71.95,2679865,AEP
09-06-2017,71.71,72.04,71.37,71.86,2271681,AEP
12-06-2017,71.86,72.23,71.005,71.41,3169359,AEP
13-06-2017,71.33,71.68,71.05,71.65,1800358,AEP
14-06-2017,72.23,72.4,71.69,71.96,1792199,AEP
15-06-2017,71.93,72.16,71.505,72.14,2311527,AEP
16-06-2017,72.32,72.59,71.97,72.42,3326390,AEP
19-06-2017,72.42,72.47,71.74,72.06,2076340,AEP
20-06-2017,72.1,72.57,72.015,72.56,2486587,AEP
21-06-2017,72.6,72.97,72.2,72.4,6134947,AEP
22-06-2017,72.2,72.45,71.76,71.79,2172148,AEP
23-06-2017,71.75,72.09,71.43,71.55,2431774,AEP
26-06-2017,71.29,72.201,71.19,71.87,2026068,AEP
27-06-2017,71.5,71.61,70.63,70.72,3003735,AEP
28-06-2017,70.91,71.08,70.12,70.15,2553902,AEP
29-06-2017,69.82,69.82,69.19,69.6,3112105,AEP
30-06-2017,69.77,70.11,69.47,69.47,2130174,AEP
03-07-2017,69.69,69.695,68.93,69,1591950,AEP
05-07-2017,69.05,69.1,68.62,68.82,2735687,AEP
06-07-2017,68.69,69.15,68.47,69.02,2147834,AEP
07-07-2017,69.01,69.41,68.83,69.15,1747463,AEP
10-07-2017,69.4,69.47,68.885,68.89,1567668,AEP
11-07-2017,69,69.05,68.67,68.84,1813889,AEP
12-07-2017,69.4,69.53,68.97,68.99,2287834,AEP
13-07-2017,68.9,69.1,68.28,68.28,3489141,AEP
14-07-2017,68.74,68.89,68.11,68.17,4900453,AEP
17-07-2017,68.24,68.67,68.12,68.55,2885095,AEP
18-07-2017,68.63,68.82,68.34,68.36,2721383,AEP
19-07-2017,68.45,68.77,68.43,68.65,2981267,AEP
20-07-2017,68.77,68.835,68.4125,68.7,3771041,AEP
21-07-2017,68.74,69.99,68.68,69.98,2922302,AEP
24-07-2017,70,70,68.9,69.19,4129527,AEP
25-07-2017,69.22,69.31,68.71,68.84,1614129,AEP
26-07-2017,68.69,69.51,68.5901,69.45,1962923,AEP
27-07-2017,69.37,70.8,69.36,70.67,4203297,AEP
28-07-2017,70.62,70.81,70.03,70.43,2570941,AEP
31-07-2017,70.45,70.7,70.03,70.54,2273638,AEP
01-08-2017,70.98,71.05,70.32,70.88,1879494,AEP
02-08-2017,70.37,71.025,70.08,70.93,1405090,AEP
03-08-2017,70.75,71.2,70.61,71.2,1794562,AEP
04-08-2017,70.98,71.05,70.32,70.88,1879494,AEP
07-08-2017,70.88,71.39,70.64,71.39,2007009,AEP
08-08-2017,70.8,71.39,70.56,71.35,2398048,AEP
09-08-2017,71.61,71.61,70.86,70.96,2492179,AEP
10-08-2017,70.85,71.42,70.55,71.36,2053450,AEP
11-08-2017,71.34,71.34,70.37,70.56,2007613,AEP
14-08-2017,70.59,71.15,70.46,71.05,1865185,AEP
15-08-2017,70.77,71.54,70.71,71.52,1289303,AEP
16-08-2017,71.52,72.04,71.38,72.02,1692359,AEP
17-08-2017,71.99,72.26,71.78,72,3318477,AEP
18-08-2017,71.93,72.63,71.71,72.16,2871369,AEP
21-08-2017,72.23,72.78,72.13,72.67,1808453,AEP
22-08-2017,72.64,72.87,72.42,72.81,1959054,AEP
23-08-2017,72.76,73.4,72.75,73.31,2379915,AEP
24-08-2017,73.28,73.66,73.09,73.39,2123034,AEP
25-08-2017,73.71,73.7701,73.41,73.57,2067781,AEP
28-08-2017,73.75,74.11,73.59,74.1,1768144,AEP
29-08-2017,74.16,74.29,73.815,73.94,1748926,AEP
30-08-2017,73.96,74.03,73.705,73.75,1356829,AEP
31-08-2017,73.87,73.95,73.62,73.63,2787413,AEP
01-09-2017,73.84,73.95,73.27,73.54,1745598,AEP
05-09-2017,73.66,74.1,73.34,74.09,2825112,AEP
06-09-2017,74.24,74.24,73.24,73.3,2491944,AEP
07-09-2017,73.47,73.975,73.36,73.83,2285962,AEP
08-09-2017,73.73,74.37,73.59,74.19,1506983,AEP
11-09-2017,74.18,74.59,74.07,74.55,2108618,AEP
12-09-2017,74.49,74.49,72.65,73.11,2166668,AEP
13-09-2017,73.14,73.34,72.37,72.59,3147683,AEP
14-09-2017,72.44,72.98,72.29,72.9,2234162,AEP
15-09-2017,73.07,73.18,72.46,73.03,2730891,AEP
18-09-2017,73,73.11,71.61,72.27,2230719,AEP
19-09-2017,72.33,72.38,71.8,71.98,2268915,AEP
20-09-2017,72.15,72.22,71.2832,71.68,2446864,AEP
21-09-2017,71.68,71.92,71.37,71.45,1942706,AEP
22-09-2017,70.9,71.43,70.44,70.57,3052203,AEP
25-09-2017,70.63,71.2,70.495,71.04,3057100,AEP
26-09-2017,71.05,71.21,70.67,71.19,2038850,AEP
27-09-2017,70.73,70.81,69.925,70.31,2339578,AEP
28-09-2017,70.2,70.79,69.955,70.5,1820056,AEP
29-09-2017,70.25,70.525,70.03,70.24,1624873,AEP
02-10-2017,70.46,70.68,70.16,70.43,1446558,AEP
03-10-2017,70.35,70.35,69.55,70.29,2406049,AEP
04-10-2017,70.34,71.53,70.11,71.52,3066104,AEP
05-10-2017,71.48,71.63,71.1,71.49,2305078,AEP
06-10-2017,71.21,71.53,70.94,71.53,1813636,AEP
09-10-2017,71.55,71.9,71.48,71.74,1603280,AEP
10-10-2017,71.7,72.39,71.446,72.39,2163631,AEP
11-10-2017,72.41,73.19,72.357,72.76,1975080,AEP
12-10-2017,72.81,73.4,72.74,73.34,1821953,AEP
13-10-2017,73.55,73.91,72.925,73.16,1943775,AEP
16-10-2017,72.97,73.25,72.545,73.12,1464747,AEP
17-10-2017,72.84,73.31,72.52,73.2,1721930,AEP
18-10-2017,73.09,73.2,72.615,73.01,1100482,AEP
19-10-2017,73.14,73.85,72.95,73.83,1686174,AEP
20-10-2017,73.71,73.99,73.58,73.98,1568281,AEP
23-10-2017,73.97,74.11,73.66,73.92,1787316,AEP
24-10-2017,73.8,74.05,73.44,73.97,2107856,AEP
25-10-2017,73.83,73.83,72.53,73.6,2718066,AEP
26-10-2017,73.84,74.9,73.67,73.76,2304127,AEP
27-10-2017,73.59,74.51,73.41,74.02,1839315,AEP
30-10-2017,73.86,74.27,73.57,74.17,1541411,AEP
31-10-2017,74.02,74.58,73.77,74.41,2314021,AEP
01-11-2017,74.42,74.61,73.71,74.01,1615143,AEP
02-11-2017,74.05,74.92,73.665,73.72,4226106,AEP
03-11-2017,73.66,74.62,73.66,74.08,2312121,AEP
06-11-2017,74.07,74.15,73.5619,73.73,2339837,AEP
07-11-2017,73.9,75.19,73.56,75.19,2239030,AEP
08-11-2017,75.1,75.84,74.89,75.52,2491156,AEP
09-11-2017,74.86,75.5,74.72,75.49,1728666,AEP
10-11-2017,74.98,75.12,74.64,74.78,2133726,AEP
13-11-2017,74.77,76.3,74.7,76.13,2280737,AEP
14-11-2017,75.93,77.445,75.78,77.39,2050465,AEP
15-11-2017,77.57,77.93,76.46,76.59,2187188,AEP
16-11-2017,76.57,76.79,76.31,76.76,1750115,AEP
17-11-2017,76.49,76.89,76.1,76.38,1720924,AEP
20-11-2017,76.5,76.63,76.02,76.44,1614572,AEP
21-11-2017,76.49,77.06,76.46,76.77,2080853,AEP
22-11-2017,76.68,76.89,76.35,76.59,1065307,AEP
24-11-2017,76.59,76.99,76.41,76.47,732613,AEP
27-11-2017,76.72,76.88,76.45,76.74,1629197,AEP
28-11-2017,76.95,77.27,76.78,77.02,3039485,AEP
29-11-2017,76.88,77.53,76.58,77.14,1568486,AEP
30-11-2017,77.03,77.73,76.9,77.63,3201762,AEP
01-12-2017,77.78,77.97,76.78,77.24,2082060,AEP
04-12-2017,77.58,78.07,77.17,77.39,2558318,AEP
05-12-2017,77.47,77.59,75.855,76.27,2630366,AEP
06-12-2017,76.51,76.955,76.24,76.73,3733359,AEP
07-12-2017,76.65,76.74,75.93,76.61,2041344,AEP
08-12-2017,76.43,76.94,76.19,76.93,1459555,AEP
11-12-2017,76.8,77.19,76.29,77.08,1670586,AEP
12-12-2017,76.8,77.22,76.01,76.02,2106281,AEP
13-12-2017,76.65,77.07,76.27,76.51,2301743,AEP
14-12-2017,76.28,76.72,75.77,76.29,1943211,AEP
15-12-2017,76.33,76.9,75.81,76.54,3894801,AEP
18-12-2017,76.74,76.91,75.44,75.5,2489725,AEP
19-12-2017,75.54,75.75,74.49,74.51,1684397,AEP
20-12-2017,74.54,74.86,74.3,74.5,3630878,AEP
21-12-2017,74.12,74.32,73.62,73.74,4431094,AEP
22-12-2017,74,74.24,73.62,73.65,1801521,AEP
26-12-2017,73.75,73.88,72.94,72.99,1077967,AEP
27-12-2017,73.21,73.485,72.975,73.24,2156407,AEP
28-12-2017,73.43,73.68,73.07,73.65,1614971,AEP
29-12-2017,73.87,74,73.42,73.57,1415904,AEP
02-01-2018,73.18,73.42,72.3,72.41,3016947,AEP
03-01-2018,72.21,72.82,71.61,71.8,2235678,AEP
04-01-2018,71.68,71.98,70.92,70.95,3392056,AEP
05-01-2018,71.12,71.31,70.305,70.8,2967908,AEP
08-01-2018,70.83,71.53,70.8,71.42,5715506,AEP
09-01-2018,71.3,71.4,70.2626,70.58,4323683,AEP
10-01-2018,70.31,70.36,69.4,69.5,3978401,AEP
11-01-2018,69.59,69.82,68.38,68.73,2794211,AEP
12-01-2018,68.47,68.5,67.23,67.46,6646960,AEP
16-01-2018,67.75,67.9334,67.1111,67.5,3999858,AEP
17-01-2018,68.18,68.55,67.74,68.25,2934657,AEP
18-01-2018,68.58,68.59,67.56,67.8,2704764,AEP
19-01-2018,68.09,68.22,67.56,67.76,3221568,AEP
22-01-2018,68.37,68.78,68.04,68.13,4622542,AEP
23-01-2018,68.35,69.46,68.13,68.77,3888455,AEP
24-01-2018,68.76,68.88,68.39,68.48,3519613,AEP
25-01-2018,68.47,69.8,68.33,69.7,3721267,AEP
26-01-2018,69.58,69.73,68.32,68.75,4900587,AEP
29-01-2018,68.52,68.62,67.67,67.9,5796088,AEP
30-01-2018,67.97,68.72,67.97,68.35,4215980,AEP
31-01-2018,68.46,68.85,67.8109,68.78,3754399,AEP
01-02-2018,68.74,68.98,67.66,67.84,2968573,AEP
02-02-2018,67.74,68.23,67.52,67.75,2800181,AEP
05-02-2018,67.82,68.42,66.3,66.48,4146484,AEP
06-02-2018,65.45,65.87,63.94,64.91,7872392,AEP
07-02-2018,64.92,65.44,64.36,64.45,5927662,AEP
